timestamp,open,high,low,close,volume,datetime,ema_200,ema_50,rsi
1770887700000,1.2881,1.2881,1.2881,1.2881,0.0,2026-02-12 09:15:00,,,
1770888000000,1.2881,1.2881,1.2881,1.2881,0.0,2026-02-12 09:20:00,,,
1770888300000,1.2887,1.2889,1.2887,1.2889,32.8031336,2026-02-12 09:25:00,,,100.0
1770888600000,1.2884,1.2917,1.2884,1.2917,130.18709663,2026-02-12 09:30:00,,,100.0
1770888900000,1.2928,1.2928,1.2928,1.2928,11.60272277,2026-02-12 09:35:00,,,100.0
1770889200000,1.2928,1.2928,1.2928,1.2928,0.0,2026-02-12 09:40:00,,,100.0
1770889500000,1.2912,1.2912,1.2912,1.2912,11.60272277,2026-02-12 09:45:00,,,70.28827320310126
1770889800000,1.2912,1.2912,1.2912,1.2912,0.0,2026-02-12 09:50:00,,,70.28827320310126
1770890100000,1.2924,1.2935,1.2906,1.2906,2508.82717282,2026-02-12 09:55:00,,,62.244997075986035
1770890400000,1.2929,1.2929,1.2929,1.2929,0.75828924,2026-02-12 10:00:00,,,74.35821684307295
1770890700000,1.2929,1.2929,1.2929,1.2929,0.0,2026-02-12 10:05:00,,,74.35821684307294
1770891000000,1.2929,1.2929,1.2929,1.2929,0.0,2026-02-12 10:10:00,,,74.35821684307295
1770891300000,1.2929,1.2929,1.2929,1.2929,0.0,2026-02-12 10:15:00,,,74.35821684307295
1770891600000,1.2929,1.2929,1.2929,1.2929,0.0,2026-02-12 10:20:00,,,74.35821684307294
1770891900000,1.2929,1.2929,1.2929,1.2929,0.0,2026-02-12 10:25:00,,,74.35821684307294
1770892200000,1.2907,1.2912,1.2907,1.2912,26.70392467,2026-02-12 10:30:00,,,54.27902220741522
1770892500000,1.2912,1.2912,1.2912,1.2912,0.0,2026-02-12 10:35:00,,,54.279022207415224
1770892800000,1.2912,1.2912,1.2912,1.2912,0.0,2026-02-12 10:40:00,,,54.279022207415224
1770893100000,1.2921,1.2921,1.2921,1.2921,4.1681129,2026-02-12 10:45:00,,,61.20580684305475
1770893400000,1.2939,1.2947,1.2939,1.2947,1.97108623,2026-02-12 10:50:00,,,73.63337667307779
1770893700000,1.2986,1.2993,1.2986,1.2993,426.98366566,2026-02-12 10:55:00,,,83.62691341967889
1770894000000,1.3013,1.3025,1.3013,1.3025,56.01343239,2026-02-12 11:00:00,,,87.24787612436138
1770894300000,1.3025,1.3025,1.3025,1.3025,0.0,2026-02-12 11:05:00,,,87.24787612436137
1770894600000,1.2981,1.2981,1.2942,1.2948,503.27087557,2026-02-12 11:10:00,,,53.951018233479445
1770894900000,1.2973,1.2975,1.2973,1.2975,22.61091829,2026-02-12 11:15:00,,,59.75140363140082
1770895200000,1.2982,1.2982,1.2982,1.2982,33.96093,2026-02-12 11:20:00,,,61.11880309100897
1770895500000,1.2982,1.3013,1.2982,1.3013,11.83511299,2026-02-12 11:25:00,,,66.54025520286368
1770895800000,1.3013,1.3013,1.3013,1.3013,0.0,2026-02-12 11:30:00,,,66.54025520286368
1770896100000,1.3013,1.3013,1.3013,1.3013,0.0,2026-02-12 11:35:00,,,66.54025520286368
1770896400000,1.3013,1.3013,1.3013,1.3013,0.0,2026-02-12 11:40:00,,,66.54025520286368
1770896700000,1.3013,1.3013,1.3013,1.3013,0.0,2026-02-12 11:45:00,,,66.54025520286369
1770897000000,1.3013,1.3013,1.3013,1.3013,0.0,2026-02-12 11:50:00,,,66.54025520286368
1770897300000,1.3013,1.3013,1.3013,1.3013,0.0,2026-02-12 11:55:00,,,66.54025520286368
1770897600000,1.2972,1.2972,1.2972,1.2972,0.75577564,2026-02-12 12:00:00,,,50.801580181145546
1770897900000,1.2972,1.2972,1.2972,1.2972,0.0,2026-02-12 12:05:00,,,50.801580181145546
1770898200000,1.2972,1.2972,1.2972,1.2972,0.0,2026-02-12 12:10:00,,,50.801580181145546
1770898500000,1.2972,1.2972,1.2972,1.2972,0.0,2026-02-12 12:15:00,,,50.801580181145546
1770898800000,1.2972,1.2972,1.2972,1.2972,0.0,2026-02-12 12:20:00,,,50.80158018114554
1770899100000,1.2972,1.2972,1.2972,1.2972,0.0,2026-02-12 12:25:00,,,50.801580181145546
1770899400000,1.2856,1.2856,1.2856,1.2856,194.56881846,2026-02-12 12:30:00,,,24.855012245764623
1770899700000,1.2856,1.2856,1.2856,1.2856,0.0,2026-02-12 12:35:00,,,24.85501224576462
1770900000000,1.2856,1.2856,1.2856,1.2856,0.0,2026-02-12 12:40:00,,,24.85501224576462
1770900300000,1.2856,1.2856,1.2856,1.2856,0.0,2026-02-12 12:45:00,,,24.855012245764616
1770900600000,1.2856,1.2856,1.2856,1.2856,0.0,2026-02-12 12:50:00,,,24.85501224576462
1770900900000,1.2842,1.2848,1.2842,1.2848,14.18748115,2026-02-12 12:55:00,,,23.648420757735636
1770901200000,1.2848,1.2848,1.2848,1.2848,0.76306986,2026-02-12 13:00:00,,,23.64842075773564
1770901500000,1.2841,1.2846,1.2841,1.2846,50.65946002,2026-02-12 13:05:00,,,23.32018369452969
1770901800000,1.2846,1.2846,1.2846,1.2846,0.0,2026-02-12 13:10:00,,,23.32018369452969
1770902100000,1.2846,1.2846,1.2846,1.2846,0.0,2026-02-12 13:15:00,,,23.32018369452969
1770902400000,1.2846,1.2846,1.2846,1.2846,0.0,2026-02-12 13:20:00,,1.293126,23.320183694529685
1770902700000,1.2789,1.2789,1.2789,1.2789,99.48421158,2026-02-12 13:25:00,,1.2925681176470587,15.221352931888307
1770903000000,1.2804,1.2833,1.2804,1.2833,43.59272333,2026-02-12 13:30:00,,1.2922046620530563,34.214028628433134
1770903300000,1.2885,1.2885,1.2885,1.2885,11.17688602,2026-02-12 13:35:00,,1.2920593811882306,48.809663905980656
1770903600000,1.2885,1.2885,1.2885,1.2885,0.0,2026-02-12 13:40:00,,1.2919197976122216,48.80966390598065
1770903900000,1.2885,1.2885,1.2885,1.2885,0.0,2026-02-12 13:45:00,,1.2917856879019385,48.80966390598065
1770904200000,1.2911,1.2915,1.2911,1.2915,19.10745185,2026-02-12 13:50:00,,1.2917744844548038,55.86537952617391
1770904500000,1.2915,1.2915,1.2915,1.2915,0.0,2026-02-12 13:55:00,,1.291763720358537,55.8653795261739
1770904800000,1.2936,1.2936,1.2936,1.2936,0.75787891,2026-02-12 14:00:00,,1.291835731324869,60.30693535629236
1770905100000,1.2936,1.2936,1.2936,1.2936,0.0,2026-02-12 14:05:00,,1.2919049183317368,60.30693535629236
1770905400000,1.2848,1.285,1.2848,1.285,39.48771675,2026-02-12 14:10:00,,1.2916341372206883,40.80378700144924
1770905700000,1.285,1.285,1.285,1.285,0.0,2026-02-12 14:15:00,,1.2913739749767397,40.80378700144924
1770906000000,1.2848,1.2856,1.2848,1.2856,85.69982315,2026-02-12 14:20:00,,1.291147544585495,42.31329481561558
1770906300000,1.2856,1.2856,1.2856,1.2856,13.31470378,2026-02-12 14:25:00,,1.2909299938174363,42.313294815615585
1770906600000,1.2866,1.2897,1.2866,1.2897,41.29851599,2026-02-12 14:30:00,,1.2908817587657722,52.01129977111572
1770906900000,1.2897,1.2897,1.2897,1.2897,0.0,2026-02-12 14:35:00,,1.2908354152847614,52.01129977111571
1770907200000,1.2907,1.2921,1.2907,1.2921,72.7205485,2026-02-12 14:40:00,,1.2908850068422217,56.927235186106195
1770907500000,1.2894,1.2914,1.2894,1.2914,257.41900711,2026-02-12 14:45:00,,1.2909052026523307,55.15261755520632
1770907800000,1.2917,1.2934,1.2917,1.2934,64.13416597,2026-02-12 14:50:00,,1.2910030378424353,59.07780383486957
1770908100000,1.2934,1.2934,1.2934,1.2934,0.0,2026-02-12 14:55:00,,1.2910970363584182,59.07780383486958
1770908400000,1.2907,1.2907,1.2907,1.2907,0.75958174,2026-02-12 15:00:00,,1.2910814663051469,51.95784565605784
1770908700000,1.2808,1.2808,1.2808,1.2808,492.05750579,2026-02-12 15:05:00,,1.2906782715480822,35.204347209556715
1770909000000,1.2836,1.2848,1.2836,1.2848,92.58092254,2026-02-12 15:10:00,,1.2904477510952164,43.17676113014028
1770909300000,1.287,1.2907,1.287,1.2907,56.05239194,2026-02-12 15:15:00,,1.2904576432091295,52.46680347835563
1770909600000,1.2885,1.2938,1.2885,1.2938,118.71591217,2026-02-12 15:20:00,,1.2905887160244576,56.49172943519089
1770909900000,1.2936,1.2936,1.2936,1.2936,11.5723707,2026-02-12 15:25:00,,1.290706805592126,56.16132096354775
1770910200000,1.2958,1.2974,1.2936,1.2936,61.65971046,2026-02-12 15:30:00,,1.2908202641963564,56.16132096354776
1770910500000,1.2936,1.2936,1.2936,1.2936,0.0,2026-02-12 15:35:00,,1.2909292734435582,56.16132096354775
1770910800000,1.2936,1.2936,1.2936,1.2936,0.0,2026-02-12 15:40:00,,1.2910340078183207,56.161320963547766
1770911100000,1.2843,1.2843,1.2843,1.2843,25.17290312,2026-02-12 15:45:00,,1.2907699290803474,41.119363062358254
1770911400000,1.2843,1.2843,1.2843,1.2843,0.0,2026-02-12 15:50:00,,1.290516206371314,41.11936306235825
1770911700000,1.2843,1.2843,1.2843,1.2843,0.0,2026-02-12 15:55:00,,1.290272433572439,41.11936306235825
1770912000000,1.2751,1.2754,1.2751,1.2754,30.77167747,2026-02-12 16:00:00,,1.2896892008833236,31.1479339194242
1770912300000,1.2754,1.2757,1.2615,1.2615,515.96900291,2026-02-12 16:05:00,,1.2885837420251542,22.12417342688016
1770912600000,1.2606,1.2612,1.2606,1.2612,23.61315267,2026-02-12 16:10:00,,1.2875098697888738,21.976193799544927
1770912900000,1.2603,1.2628,1.2603,1.2628,63.64991212,2026-02-12 16:15:00,,1.2865408552873494,24.86270881145563
1770913200000,1.254,1.2589,1.2539,1.2568,141.43454867,2026-02-12 16:20:00,,1.2853745472368652,21.63095459055376
1770913500000,1.2576,1.2576,1.2576,1.2576,42.38826692,2026-02-12 16:25:00,,1.2842853493060078,23.06686301151713
1770913800000,1.2496,1.2535,1.2496,1.2535,52.59911824,2026-02-12 16:30:00,,1.2830780807057722,20.948441148862543
1770914100000,1.2559,1.263,1.2559,1.2627,113.24618165,2026-02-12 16:35:00,,1.282278940285938,35.30589087149978
1770914400000,1.2649,1.2659,1.2649,1.2659,47.301639,2026-02-12 16:40:00,,1.281636628902176,39.42681048069337
1770914700000,1.2659,1.2659,1.2659,1.2659,0.0,2026-02-12 16:45:00,,1.28101950620013,39.42681048069336
1770915000000,1.2659,1.2659,1.2659,1.2659,0.0,2026-02-12 16:50:00,,1.2804265843883602,39.426810480693355
1770915300000,1.2549,1.2549,1.2549,1.2549,25.6325,2026-02-12 16:55:00,,1.2794255418633265,30.9598886138749
1770915600000,1.2561,1.2587,1.2561,1.2587,31.41441629,2026-02-12 17:00:00,,1.2786127755157453,36.06764531048989
1770915900000,1.2569,1.2607,1.2569,1.2589,120.33731086,2026-02-12 17:05:00,,1.27783972549552,36.33461574328054
1770916200000,1.2589,1.2589,1.2589,1.2589,0.0,2026-02-12 17:10:00,,1.2770969911623624,36.33461574328053
1770916500000,1.2584,1.2588,1.2553,1.2553,184.00492135,2026-02-12 17:15:00,,1.276242207195211,33.42117584981985
1770916800000,1.2586,1.2587,1.2586,1.2587,29.6871567,2026-02-12 17:20:00,,1.2755542775012814,38.441530568726414
1770917100000,1.2656,1.2656,1.2654,1.2654,37.12781021,2026-02-12 17:25:00,,1.2751560705404468,46.93334618195211
1770917400000,1.2627,1.2627,1.2627,1.2627,9.09028273,2026-02-12 17:30:00,,1.2746675971859194,44.2823042404583
1770917700000,1.265,1.2668,1.265,1.2668,50.66390784,2026-02-12 17:35:00,,1.274359063962942,48.993839928795126
1770918000000,1.2668,1.2668,1.2668,1.2668,0.0,2026-02-12 17:40:00,,1.2740626300820423,48.993839928795126
1770918300000,1.2668,1.2668,1.2668,1.2668,0.0,2026-02-12 17:45:00,,1.273777821059217,48.993839928795126
1770918600000,1.2668,1.2668,1.2668,1.2668,0.0,2026-02-12 17:50:00,,1.273504181017679,48.99383992879512
1770918900000,1.2558,1.2558,1.2557,1.2557,250.00000554,2026-02-12 17:55:00,,1.2728059778405152,37.459166509467686
1770919200000,1.2572,1.26,1.2572,1.26,13.74744491,2026-02-12 18:00:00,,1.2723037826310832,43.05247576423641
1770919500000,1.2642,1.2654,1.2642,1.2654,121.00678182,2026-02-12 18:05:00,,1.2720330460573153,49.197205134272835
1770919800000,1.2674,1.2674,1.2674,1.2674,8.01602589,2026-02-12 18:10:00,,1.2718513579766362,51.293423104174934
1770920100000,1.2674,1.2674,1.2674,1.2674,0.0,2026-02-12 18:15:00,,1.2716767949187289,51.293423104174934
1770920400000,1.2674,1.2674,1.2674,1.2674,0.0,2026-02-12 18:20:00,,1.2715090774709354,51.29342310417493
1770920700000,1.2611,1.2619,1.2611,1.2619,4181.86644246,2026-02-12 18:25:00,,1.2711322509034477,44.92639008564685
1770921000000,1.2619,1.2619,1.2619,1.2619,0.0,2026-02-12 18:30:00,,1.2707702018484106,44.926390085646844
1770921300000,1.259,1.2628,1.259,1.2627,345.06336353,2026-02-12 18:35:00,,1.2704537233445514,46.05596620442579
1770921600000,1.2627,1.2627,1.2627,1.2627,0.0,2026-02-12 18:40:00,,1.2701496557624121,46.05596620442579
1770921900000,1.2665,1.2673,1.2665,1.2673,68.53874892,2026-02-12 18:45:00,,1.270037904556043,52.54646060825864
1770922200000,1.2673,1.2673,1.2673,1.2673,0.0,2026-02-12 18:50:00,,1.2699305357499238,52.54646060825864
1770922500000,1.2673,1.2673,1.2673,1.2673,0.0,2026-02-12 18:55:00,,1.269827377485221,52.54646060825864
1770922800000,1.2685,1.2685,1.2685,1.2685,0.77287517,2026-02-12 19:00:00,,1.2697753234661928,54.3365731127424
1770923100000,1.2685,1.2685,1.2685,1.2685,0.0,2026-02-12 19:05:00,,1.2697253107812443,54.33657311274241
1770923400000,1.2648,1.2661,1.2648,1.2661,39.12132418,2026-02-12 19:10:00,,1.2695831417309993,49.96463692793508
1770923700000,1.2684,1.2692,1.2684,1.2692,39.9484517,2026-02-12 19:15:00,,1.2695681165650778,55.001026453467404
1770924000000,1.2722,1.2788,1.2722,1.2785,55.452072,2026-02-12 19:20:00,,1.2699183865037023,66.04359107818412
1770924300000,1.2798,1.2798,1.2798,1.2798,17.36194438,2026-02-12 19:25:00,,1.2703059007584592,67.25329754699187
1770924600000,1.2805,1.2814,1.2805,1.2814,44.31767484,2026-02-12 19:30:00,,1.2707409634738138,68.72985210006321
1770924900000,1.2862,1.2873,1.2861,1.2861,112.0371662,2026-02-12 19:35:00,,1.2713432786317036,72.63344573145251
1770925200000,1.2861,1.2861,1.2861,1.2861,0.0,2026-02-12 19:40:00,,1.2719219735873233,72.63344573145251
1770925500000,1.2805,1.2805,1.2787,1.2787,39.50866051,2026-02-12 19:45:00,,1.2721877785446833,59.15020855066566
1770925800000,1.2787,1.2787,1.2787,1.2787,0.0,2026-02-12 19:50:00,,1.2724431597782253,59.15020855066567
1770926100000,1.2787,1.2787,1.2787,1.2787,0.0,2026-02-12 19:55:00,,1.2726885260614322,59.15020855066567
1770926400000,1.2724,1.2724,1.2724,1.2724,0.77050625,2026-02-12 20:00:00,,1.272677211313925,49.399372792717614
1770926700000,1.2724,1.2724,1.2724,1.2724,0.0,2026-02-12 20:05:00,,1.2726663402820064,49.3993727927176
1770927000000,1.2724,1.2724,1.2724,1.2724,0.0,2026-02-12 20:10:00,,1.272655895565065,49.39937279271761
1770927300000,1.2659,1.2659,1.2659,1.2659,15.81377126,2026-02-12 20:15:00,,1.2723909584840822,40.74415938636366
1770927600000,1.2659,1.2659,1.2659,1.2659,0.0,2026-02-12 20:20:00,,1.2721364110925497,40.744159386363656
1770927900000,1.2659,1.2659,1.2659,1.2659,0.0,2026-02-12 20:25:00,,1.2718918459516655,40.744159386363656
1770928200000,1.2659,1.2659,1.2659,1.2659,0.0,2026-02-12 20:30:00,,1.2716568716006198,40.744159386363656
1770928500000,1.2659,1.2659,1.2659,1.2659,0.0,2026-02-12 20:35:00,,1.2714311119300072,40.744159386363656
1770928800000,1.2659,1.2659,1.2659,1.2659,0.0,2026-02-12 20:40:00,,1.271214205579811,40.744159386363656
1770929100000,1.2659,1.2659,1.2659,1.2659,0.0,2026-02-12 20:45:00,,1.271005805360995,40.74415938636365
1770929400000,1.2659,1.2659,1.2659,1.2659,0.0,2026-02-12 20:50:00,,1.2708055776997795,40.744159386363656
1770929700000,1.2659,1.2659,1.2659,1.2659,0.0,2026-02-12 20:55:00,,1.2706132021037098,40.74415938636365
1770930000000,1.2613,1.2622,1.2611,1.2622,12.7571823,2026-02-12 21:00:00,,1.2702832726094466,34.11507952088547
1770930300000,1.2622,1.2622,1.2622,1.2622,0.0,2026-02-12 21:05:00,,1.2699662815267232,34.11507952088548
1770930600000,1.2622,1.2622,1.2622,1.2622,0.0,2026-02-12 21:10:00,,1.2696617214668517,34.11507952088548
1770930900000,1.2622,1.2622,1.2622,1.2622,0.0,2026-02-12 21:15:00,,1.26936910493874,34.11507952088548
1770931200000,1.2622,1.2622,1.2622,1.2622,0.0,2026-02-12 21:20:00,,1.2690879635685932,34.11507952088548
1770931500000,1.2622,1.2622,1.2622,1.2622,0.0,2026-02-12 21:25:00,,1.268817847350217,34.11507952088547
1770931800000,1.2644,1.2653,1.2644,1.2653,65.84797921,2026-02-12 21:30:00,,1.2686798925521692,45.668435833824695
1770932100000,1.2653,1.2653,1.2653,1.2653,0.01433979,2026-02-12 21:35:00,,1.2685473477462017,45.66843583382469
1770932400000,1.2653,1.2653,1.2653,1.2653,0.0,2026-02-12 21:40:00,,1.2684200007757624,45.668435833824695
1770932700000,1.2653,1.2653,1.2653,1.2653,0.0,2026-02-12 21:45:00,,1.2682976478041639,45.66843583382469
1770933000000,1.2653,1.2653,1.2653,1.2653,0.0,2026-02-12 21:50:00,,1.2681800929883142,45.66843583382469
1770933300000,1.2653,1.2653,1.2653,1.2653,0.0,2026-02-12 21:55:00,,1.268067148165243,45.66843583382469
1770933600000,1.2654,1.2654,1.2654,1.2654,0.77476858,2026-02-12 22:00:00,,1.2679625541195472,46.14366744792977
1770933900000,1.2654,1.2654,1.2654,1.2654,0.0,2026-02-12 22:05:00,,1.2678620618011336,46.14366744792978
1770934200000,1.2654,1.2654,1.2654,1.2654,0.0,2026-02-12 22:10:00,,1.267765510357952,46.14366744792977
1770934500000,1.2654,1.2654,1.2654,1.2654,0.0,2026-02-12 22:15:00,,1.2676727452458754,46.14366744792978
1770934800000,1.2653,1.2657,1.2653,1.2657,32.66522052,2026-02-12 22:20:00,,1.2675953826872135,47.97972278347373
1770935100000,1.2657,1.2657,1.2657,1.2657,0.00992437,2026-02-12 22:25:00,,1.2675210539543815,47.97972278347373
1770935400000,1.2657,1.2657,1.2657,1.2657,0.0,2026-02-12 22:30:00,,1.2674496400738176,47.97972278347373
1770935700000,1.2726,1.2726,1.2723,1.2723,149.48945838,2026-02-12 22:35:00,,1.2676398502670012,73.1404878076079
1770936000000,1.2739,1.2739,1.2739,1.2739,25.27856,2026-02-12 22:40:00,,1.2678853463349622,76.15187223290638
1770936300000,1.2739,1.274,1.2739,1.274,15.86102785,2026-02-12 22:45:00,,1.2681251366747677,76.33048893504034
1770936600000,1.274,1.274,1.274,1.274,0.0,2026-02-12 22:50:00,,1.2683555234718358,76.33048893504035
1770936900000,1.2778,1.2785,1.2778,1.2785,83.24113635,2026-02-12 22:55:00,,1.2687533460807834,82.98241689797226
1770937200000,1.2802,1.2802,1.2802,1.2802,0.76581171,2026-02-12 23:00:00,,1.2692022344697722,84.72848603186387
1770937500000,1.2802,1.2802,1.2802,1.2802,0.0,2026-02-12 23:05:00,,1.2696335193925263,84.72848603186387
1770937800000,1.2802,1.2802,1.2802,1.2802,0.0,2026-02-12 23:10:00,,1.2700478911810547,84.72848603186388
1770938100000,1.2802,1.2802,1.2802,1.2802,0.0,2026-02-12 23:15:00,,1.270446013095523,84.72848603186388
1770938400000,1.2802,1.2802,1.2802,1.2802,0.0,2026-02-12 23:20:00,,1.2708285223858946,84.72848603186387
1770938700000,1.2802,1.2802,1.2802,1.2802,0.0,2026-02-12 23:25:00,,1.271196031311938,84.72848603186387
1770939000000,1.2802,1.2802,1.2802,1.2802,0.0,2026-02-12 23:30:00,,1.2715491281232345,84.72848603186388
1770939300000,1.2802,1.2802,1.2802,1.2802,0.0,2026-02-12 23:35:00,,1.2718883780007546,84.72848603186387
1770939600000,1.2802,1.2802,1.2802,1.2802,0.0,2026-02-12 23:40:00,,1.2722143239615094,84.72848603186387
1770939900000,1.2802,1.2802,1.2802,1.2802,0.0,2026-02-12 23:45:00,,1.2725274877277246,84.72848603186388
1770940200000,1.2802,1.2802,1.2802,1.2802,0.0,2026-02-12 23:50:00,,1.2728283705619314,84.72848603186388
1770940500000,1.2802,1.2802,1.2802,1.2802,0.0,2026-02-12 23:55:00,,1.2731174540693067,84.72848603186388
1770940800000,1.2814,1.2863,1.2814,1.2863,31.49525493,2026-02-13 00:00:00,,1.273634416654824,91.94498910901508
1770941100000,1.2863,1.2863,1.2863,1.2863,0.0,2026-02-13 00:05:00,,1.274131106197772,91.94498910901508
1770941400000,1.2863,1.2863,1.2863,1.2863,0.0,2026-02-13 00:10:00,,1.274608317719428,91.94498910901508
1770941700000,1.2863,1.2863,1.2863,1.2863,0.0,2026-02-13 00:15:00,,1.2750668150637643,91.94498910901507
1770942000000,1.2863,1.2863,1.2863,1.2863,0.0,2026-02-13 00:20:00,,1.2755073321200872,91.94498910901508
1770942300000,1.2863,1.2863,1.2863,1.2863,0.0,2026-02-13 00:25:00,,1.2759305739977307,91.94498910901508
1770942600000,1.2863,1.2863,1.2863,1.2863,0.0,2026-02-13 00:30:00,,1.2763372181546824,91.94498910901508
1770942900000,1.2863,1.2863,1.2863,1.2863,0.0,2026-02-13 00:35:00,,1.2767279154819497,91.94498910901508
1770943200000,1.2863,1.2863,1.2863,1.2863,0.0,2026-02-13 00:40:00,,1.2771032913454026,91.9449891090151
1770943500000,1.2863,1.2863,1.2863,1.2863,0.0,2026-02-13 00:45:00,,1.2774639465867592,91.94498910901508
1770943800000,1.2863,1.2863,1.2863,1.2863,0.0,2026-02-13 00:50:00,,1.2778104584853176,91.94498910901508
1770944100000,1.2775,1.2783,1.2775,1.2783,46.39920298,2026-02-13 00:55:00,,1.277829656191776,38.30483728988777
1770944400000,1.2783,1.2783,1.2783,1.2783,51.28361998,2026-02-13 01:00:00,,1.2778481010470004,38.30483728988776
1770944700000,1.2783,1.2783,1.2783,1.2783,2.48e-06,2026-02-13 01:05:00,,1.2778658225745692,38.304837289887764
1770945000000,1.2783,1.2783,1.2783,1.2783,0.0,2026-02-13 01:10:00,,1.2778828491402725,38.304837289887764
1770945300000,1.2783,1.2783,1.2783,1.2783,0.0,2026-02-13 01:15:00,,1.2778992079975169,38.30483728988776
1770945600000,1.2783,1.2783,1.2783,1.2783,0.0,2026-02-13 01:20:00,,1.2779149253309476,38.304837289887764
1770945900000,1.2783,1.2783,1.2783,1.2783,0.0,2026-02-13 01:25:00,,1.2779300262983615,38.304837289887764
1770946200000,1.2755,1.2758,1.2755,1.2758,22.46291593,2026-02-13 01:30:00,,1.2778464958552884,29.323823950222387
1770946500000,1.2768,1.2768,1.2768,1.2768,67.1025551,2026-02-13 01:35:00,,1.27780545680214,35.80722035658604
1770946800000,1.2768,1.2768,1.2768,1.2768,0.0,2026-02-13 01:40:00,,1.2777660271236246,35.80722035658604
1770947100000,1.2768,1.2768,1.2768,1.2768,0.0,2026-02-13 01:45:00,,1.2777281437070118,35.80722035658604
1770947400000,1.2768,1.2768,1.2768,1.2768,0.0,2026-02-13 01:50:00,1.2792365,1.27769174591458,35.80722035658604
1770947700000,1.2739,1.2739,1.2739,1.2739,42.588,2026-02-13 01:55:00,1.2791834004975127,1.2775430499963614,26.371083399058058
1770948000000,1.2743,1.2743,1.2743,1.2743,0.76935742,2026-02-13 02:00:00,1.2791348094477861,1.2774158715651316,29.14467674829719
1770948300000,1.2743,1.2743,1.2743,1.2743,0.0,2026-02-13 02:05:00,1.2790867018910916,1.277293680523362,29.144676748297194
1770948600000,1.2743,1.2743,1.2743,1.2743,0.0,2026-02-13 02:10:00,1.2790390730165535,1.2771762812871517,29.144676748297194
1770948900000,1.2743,1.2743,1.2743,1.2743,0.0,2026-02-13 02:15:00,1.2789919180611649,1.2770634859425576,29.144676748297194
1770949200000,1.2743,1.2743,1.2743,1.2743,0.0,2026-02-13 02:20:00,1.2789452323093125,1.2769551139448103,29.144676748297194
1770949500000,1.2738,1.2738,1.2738,1.2738,78.57041922,2026-02-13 02:25:00,1.2788940359679264,1.2768313839861902,27.283739610284147
1770949800000,1.2738,1.2738,1.2738,1.2738,0.0,2026-02-13 02:30:00,1.2788433490428726,1.2767125061828102,27.283739610284147
1770950100000,1.2738,1.2738,1.2738,1.2738,0.0,2026-02-13 02:35:00,1.2787931664653316,1.2765982902540725,27.283739610284147
1770950400000,1.2738,1.2738,1.2738,1.2738,0.0,2026-02-13 02:40:00,1.2787434832169204,1.2764885533813637,27.283739610284147
1770950700000,1.2719,1.2719,1.2719,1.2719,4.23166186,2026-02-13 02:45:00,1.278675388856553,1.2763086101115064,20.570412708353363
1770951000000,1.2738,1.2738,1.2738,1.2738,19.20366718,2026-02-13 02:50:00,1.278626877524647,1.2762102332443885,37.208985851815015
1770951300000,1.2738,1.2738,1.2738,1.2738,0.0,2026-02-13 02:55:00,1.2785788488925611,1.2761157142936281,37.20898585181502
1770951600000,1.2722,1.2722,1.2722,1.2722,0.77062738,2026-02-13 03:00:00,1.278515377759302,1.2759621568703485,30.889516243299934
1770951900000,1.2722,1.2722,1.2722,1.2722,0.0,2026-02-13 03:05:00,1.2784525381796075,1.2758146213068056,30.889516243299934
1770952200000,1.2722,1.2722,1.2722,1.2722,0.0,2026-02-13 03:10:00,1.2783903238693628,1.2756728714516368,30.889516243299934
1770952500000,1.2722,1.2722,1.2722,1.2722,0.0,2026-02-13 03:15:00,1.278328728606981,1.2755366804143176,30.889516243299926
1770952800000,1.2722,1.2722,1.2722,1.2722,0.0,2026-02-13 03:20:00,1.2782677462327825,1.2754058302019913,30.889516243299937
1770953100000,1.2722,1.2722,1.2722,1.2722,0.0,2026-02-13 03:25:00,1.2782073706483768,1.2752801113705408,30.889516243299934
1770953400000,1.2747,1.275,1.2747,1.275,77.80515542,2026-02-13 03:30:00,1.278175456512572,1.2752691266109117,52.781707146805395
1770953700000,1.275,1.275,1.275,1.275,0.0,2026-02-13 03:35:00,1.2781438599303574,1.2752585726261703,52.78170714680539
1770954000000,1.275,1.275,1.275,1.275,0.0,2026-02-13 03:40:00,1.2781125777419957,1.2752484325231832,52.7817071468054
1770954300000,1.275,1.275,1.275,1.275,0.0,2026-02-13 03:45:00,1.2780816068191898,1.2752386900712938,52.78170714680539
1770954600000,1.275,1.275,1.275,1.275,0.0,2026-02-13 03:50:00,1.27805094406477,1.275229329676341,52.781707146805395
1770954900000,1.275,1.275,1.275,1.275,0.0,2026-02-13 03:55:00,1.2780205864123844,1.2752203363557004,52.781707146805395
1770955200000,1.2723,1.2723,1.2723,1.2723,0.77056681,2026-02-13 04:00:00,1.2779636651545498,1.2751058133613593,35.747954850697866
1770955500000,1.2723,1.2723,1.2723,1.2723,0.0,2026-02-13 04:05:00,1.2779073102773904,1.2749957814648354,35.747954850697866
1770955800000,1.2723,1.2723,1.2723,1.2723,0.0,2026-02-13 04:10:00,1.277851516145277,1.274890064544646,35.747954850697866
1770956100000,1.2723,1.2723,1.2723,1.2723,0.0,2026-02-13 04:15:00,1.2777962771786575,1.2747884933860325,35.74795485069786
1770956400000,1.2723,1.2723,1.2723,1.2723,0.0,2026-02-13 04:20:00,1.2777415878534968,1.2746909054101097,35.747954850697866
1770956700000,1.2723,1.2723,1.2723,1.2723,0.0,2026-02-13 04:25:00,1.2776874427007259,1.2745971444136348,35.74795485069786
1770957000000,1.2723,1.2723,1.2723,1.2723,0.0,2026-02-13 04:30:00,1.2776338363056938,1.2745070603189825,35.74795485069786
1770957300000,1.2723,1.2723,1.2723,1.2723,0.0,2026-02-13 04:35:00,1.2775807633076273,1.2744205089339244,35.74795485069786
1770957600000,1.2723,1.2723,1.2723,1.2723,0.0,2026-02-13 04:40:00,1.2775282183990937,1.2743373517208294,35.747954850697866
1770957900000,1.2723,1.2723,1.2723,1.2723,0.0,2026-02-13 04:45:00,1.277476196325471,1.2742574555749147,35.74795485069786
1770958200000,1.2723,1.2723,1.2723,1.2723,0.0,2026-02-13 04:50:00,1.2774246918844216,1.2741806926111925,35.74795485069785
1770958500000,1.2723,1.2723,1.2723,1.2723,0.0,2026-02-13 04:55:00,1.2773736999253729,1.2741069399597733,35.74795485069786
1770958800000,1.2643,1.2643,1.2643,1.2643,6.31210326,2026-02-13 05:00:00,1.2772436133589513,1.273722354078998,10.745269933267316
1770959100000,1.2643,1.2643,1.2643,1.2643,0.0,2026-02-13 05:05:00,1.2771148211862255,1.2733528499974687,10.745269933267316
1770959400000,1.2643,1.2643,1.2643,1.2643,0.0,2026-02-13 05:10:00,1.2769873105276563,1.2729978362720777,10.745269933267314
1770959700000,1.2643,1.2643,1.2643,1.2643,0.0,2026-02-13 05:15:00,1.2768610686318589,1.2726567446535648,10.745269933267313
1770960000000,1.2643,1.2643,1.2643,1.2643,0.0,2026-02-13 05:20:00,1.2767360828743282,1.2723290291769545,10.745269933267313
1770960300000,1.2643,1.2643,1.2643,1.2643,0.0,2026-02-13 05:25:00,1.2766123407561758,1.2720141652876622,10.745269933267313
1770960600000,1.2615,1.2615,1.2615,1.2615,4.2541799,2026-02-13 05:30:00,1.2764619692063632,1.271601845080303,7.775910133644996
1770960900000,1.2615,1.2615,1.2615,1.2615,0.0,2026-02-13 05:35:00,1.276313093890877,1.2712056942928402,7.775910133644996
1770961200000,1.2615,1.2615,1.2615,1.2615,0.0,2026-02-13 05:40:00,1.2761656999218138,1.270825078830376,7.775910133644994
1770961500000,1.2615,1.2615,1.2615,1.2615,0.0,2026-02-13 05:45:00,1.2760197725594078,1.2704593894644791,7.775910133644994
1770961800000,1.2615,1.2615,1.2615,1.2615,0.0,2026-02-13 05:50:00,1.275875297210558,1.270108040858029,7.775910133644994
1770962100000,1.2615,1.2615,1.2615,1.2615,0.0,2026-02-13 05:55:00,1.2757322594273686,1.2697704706283024,7.775910133644995
1770962400000,1.2574,1.2583,1.2567,1.2567,12.99519353,2026-02-13 06:00:00,1.2755428837116733,1.2692579031526827,4.471517104683496
1770962700000,1.2567,1.2567,1.2567,1.2567,0.0,2026-02-13 06:05:00,1.2753553923314578,1.2687654363623815,4.471517104683496
1770963000000,1.2567,1.2567,1.2567,1.2567,0.0,2026-02-13 06:10:00,1.275169766537115,1.2682922819952294,4.471517104683495
1770963300000,1.2567,1.2567,1.2567,1.2567,0.0,2026-02-13 06:15:00,1.2749859877656013,1.267837682701299,4.471517104683495
1770963600000,1.2567,1.2567,1.2567,1.2567,0.0,2026-02-13 06:20:00,1.2748040376385805,1.2674009108306599,4.471517104683496
1770963900000,1.2567,1.2567,1.2567,1.2567,0.0,2026-02-13 06:25:00,1.2746238979605848,1.2669812672686733,4.471517104683495
1770964200000,1.2567,1.2567,1.2567,1.2567,0.0,2026-02-13 06:30:00,1.274445550717196,1.2665780803169608,4.471517104683495
1770964500000,1.2567,1.2567,1.2567,1.2567,0.0,2026-02-13 06:35:00,1.2742689780732437,1.2661907046182566,4.471517104683495
1770964800000,1.2567,1.2567,1.2567,1.2567,0.0,2026-02-13 06:40:00,1.2740941623710225,1.265818520123423,4.471517104683495
1770965100000,1.2567,1.2567,1.2567,1.2567,0.0,2026-02-13 06:45:00,1.2739210861285248,1.2654609310989753,4.471517104683495
1770965400000,1.2632,1.2638,1.2632,1.2638,100.02611168,2026-02-13 06:50:00,1.273820378803863,1.2653957965460745,58.803994986532665
1770965700000,1.267,1.267,1.267,1.267,28.77383465,2026-02-13 06:55:00,1.273752514338153,1.2654587064854441,67.71623898211855
1770966000000,1.2676,1.2676,1.2676,1.2676,0.77342392,2026-02-13 07:00:00,1.2736912952900121,1.2655426787801327,69.06748120242958
1770966300000,1.2676,1.2676,1.2676,1.2676,0.0,2026-02-13 07:05:00,1.2736306853866288,1.2656233580436569,69.06748120242958
1770966600000,1.2711,1.2724,1.2711,1.2724,56.17962081,2026-02-13 07:10:00,1.2736184397608914,1.2658891087086115,77.7197283754392
1770966900000,1.2724,1.2724,1.2724,1.2724,0.0,2026-02-13 07:15:00,1.2736063159821762,1.266144437778862,77.7197283754392
1770967200000,1.2724,1.2724,1.2724,1.2724,0.0,2026-02-13 07:20:00,1.2735943128380751,1.266389753944397,77.71972837543919
1770967500000,1.2724,1.2724,1.2724,1.2724,0.0,2026-02-13 07:25:00,1.2735824291282436,1.266625449868146,77.7197283754392
1770967800000,1.2699,1.2699,1.2699,1.2699,17.2131297,2026-02-13 07:30:00,1.2735457880423906,1.266753863598807,64.98562338443793
1770968100000,1.2699,1.2699,1.2699,1.2699,0.0,2026-02-13 07:35:00,1.2735095115444564,1.266877241496893,64.98562338443794
1770968400000,1.2699,1.2699,1.2699,1.2699,0.0,2026-02-13 07:40:00,1.2734735960067007,1.2669957810460346,64.98562338443793
1770968700000,1.2699,1.2699,1.2699,1.2699,0.0,2026-02-13 07:45:00,1.2734380378374799,1.2671096719854058,64.98562338443794
1770969000000,1.2699,1.2699,1.2699,1.2699,0.0,2026-02-13 07:50:00,1.273402833480888,1.2672190966134291,64.98562338443794
1770969300000,1.2699,1.2699,1.2699,1.2699,0.0,2026-02-13 07:55:00,1.2733679794164017,1.2673242300795693,64.98562338443793
1770969600000,1.2704,1.2704,1.2704,1.2704,0.77171927,2026-02-13 08:00:00,1.273338447282905,1.2674448485078216,66.68844872953684
1770969900000,1.2704,1.2704,1.2704,1.2704,0.0,2026-02-13 08:05:00,1.273309209001483,1.2675607368016324,66.68844872953684
1770970200000,1.2704,1.2704,1.2704,1.2704,0.0,2026-02-13 08:10:00,1.2732802616482344,1.2676720804564703,66.68844872953684
1770970500000,1.2704,1.2704,1.2704,1.2704,0.0,2026-02-13 08:15:00,1.2732516023283513,1.2677790576934715,66.68844872953684
1770970800000,1.2699,1.2701,1.2699,1.2701,35.11072361,2026-02-13 08:20:00,1.2732202431012036,1.2678700750388257,64.16992960151416
1770971100000,1.2701,1.2701,1.2701,1.2701,0.0,2026-02-13 08:25:00,1.2731891959061667,1.2679575230765188,64.16992960151417
1770971400000,1.2701,1.2701,1.2701,1.2701,0.0,2026-02-13 08:30:00,1.2731584576384438,1.2680415417794004,64.16992960151416
1770971700000,1.2701,1.2701,1.2701,1.2701,0.0,2026-02-13 08:35:00,1.273128025224131,1.2681222656311886,64.16992960151416
1770972000000,1.2701,1.2701,1.2701,1.2701,0.0,2026-02-13 08:40:00,1.2730978956199108,1.2681998238417302,64.16992960151416
1770972300000,1.2797,1.281,1.2797,1.281,121.9115054,2026-02-13 08:45:00,1.2731765235241903,1.2687017915342116,88.00696790659192
1770972600000,1.2795,1.2795,1.2795,1.2795,33.97106943,2026-02-13 08:50:00,1.2732394436881287,1.2691252506897328,80.1086685351488
1770972900000,1.2795,1.2795,1.2795,1.2795,0.06803567,2026-02-13 08:55:00,1.273301737780784,1.269532103603861,80.1086685351488
1770973200000,1.2793,1.2793,1.2793,1.2793,0.76635047,2026-02-13 09:00:00,1.2733614219819702,1.2699151583644939,79.01214367965902
1770973500000,1.2793,1.2793,1.2793,1.2793,0.0,2026-02-13 09:05:00,1.2734205123105078,1.270283191369808,79.01214367965902
1770973800000,1.2793,1.2793,1.2793,1.2793,0.0,2026-02-13 09:10:00,1.2734790146755774,1.270636791708247,79.01214367965902
1770974100000,1.2793,1.2793,1.2793,1.2793,0.0,2026-02-13 09:15:00,1.2735369349275618,1.2709765253667473,79.01214367965903
1770974400000,1.2793,1.2793,1.2793,1.2793,0.0,2026-02-13 09:20:00,1.273594278858631,1.271302936136679,79.01214367965902
1770974700000,1.2793,1.2793,1.2793,1.2793,0.0,2026-02-13 09:25:00,1.2736510522033213,1.2716165464842604,79.012143679659
1770975000000,1.2793,1.2793,1.2793,1.2793,0.0,2026-02-13 09:30:00,1.273707260639109,1.2719178583868385,79.01214367965902
1770975300000,1.2793,1.2793,1.2793,1.2793,0.0,2026-02-13 09:35:00,1.2737629097869787,1.2722073541363743,79.01214367965902
1770975600000,1.2793,1.2793,1.2793,1.2793,0.0,2026-02-13 09:40:00,1.2738180052119839,1.2724854971114186,79.012143679659
1770975900000,1.2793,1.2793,1.2793,1.2793,0.0,2026-02-13 09:45:00,1.273872552423805,1.2727527325188142,79.01214367965902
1770976200000,1.2793,1.2793,1.2793,1.2793,0.0,2026-02-13 09:50:00,1.2739265568772995,1.2730094881063119,79.01214367965902
1770976500000,1.2793,1.2793,1.2793,1.2793,0.0,2026-02-13 09:55:00,1.2739800239730479,1.2732561748472409,79.01214367965902
1770976800000,1.2791,1.2791,1.2791,1.2791,0.7664703,2026-02-13 10:00:00,1.274030969008142,1.2734853444610745,76.46520195979369
1770977100000,1.2791,1.2791,1.2791,1.2791,0.0,2026-02-13 10:05:00,1.274081407127464,1.2737055270312285,76.46520195979369
1770977400000,1.2791,1.2791,1.2791,1.2791,0.0,2026-02-13 10:10:00,1.274131343374952,1.2739170749907882,76.46520195979369
1770977700000,1.2791,1.2791,1.2791,1.2791,0.0,2026-02-13 10:15:00,1.2741807827443554,1.274120326951934,76.4652019597937
1770978000000,1.2791,1.2791,1.2791,1.2791,0.0,2026-02-13 10:20:00,1.274229730179735,1.2743156082479365,76.46520195979369
1770978300000,1.2791,1.2791,1.2791,1.2791,0.0,2026-02-13 10:25:00,1.2742781905759566,1.2745032314538998,76.46520195979369
1770978600000,1.2791,1.2791,1.2791,1.2791,0.0,2026-02-13 10:30:00,1.274326168779181,1.2746834968870802,76.46520195979369
1770978900000,1.2791,1.2791,1.2791,1.2791,0.0,2026-02-13 10:35:00,1.2743736695873484,1.2748566930875869,76.46520195979369
1770979200000,1.2791,1.2791,1.2791,1.2791,0.0,2026-02-13 10:40:00,1.2744206977506585,1.2750230972802306,76.46520195979369
1770979500000,1.2791,1.2791,1.2791,1.2791,0.0,2026-02-13 10:45:00,1.274467257972045,1.2751829758182607,76.46520195979369
1770979800000,1.2791,1.2791,1.2791,1.2791,0.0,2026-02-13 10:50:00,1.2745133549076466,1.2753365846097016,76.46520195979369
1770980100000,1.2791,1.2791,1.2791,1.2791,0.0,2026-02-13 10:55:00,1.274558993167272,1.2754841695269683,76.46520195979369
1770980400000,1.2812,1.2812,1.2812,1.2812,0.76521398,2026-02-13 11:00:00,1.2746250728372495,1.275708319741597,87.09451224834194
1770980700000,1.2812,1.2812,1.2812,1.2812,0.0,2026-02-13 11:05:00,1.2746904949980729,1.2759236797517306,87.09451224834193
1770981000000,1.2812,1.2812,1.2812,1.2812,0.0,2026-02-13 11:10:00,1.2747552661921218,1.2761305942712706,87.09451224834193
1770981300000,1.2812,1.2812,1.2812,1.2812,0.0,2026-02-13 11:15:00,1.2748193928966778,1.2763293944959266,87.09451224834194
1770981600000,1.2812,1.2812,1.2812,1.2812,0.0,2026-02-13 11:20:00,1.2748828815245714,1.2765203986333413,87.09451224834193
1770981900000,1.2812,1.2812,1.2812,1.2812,0.0,2026-02-13 11:25:00,1.2749457384248244,1.276703912412426,87.09451224834194
1770982200000,1.2812,1.2812,1.2812,1.2812,0.0,2026-02-13 11:30:00,1.275007969883284,1.276880229572723,87.09451224834193
1770982500000,1.2812,1.2812,1.2812,1.2812,0.0,2026-02-13 11:35:00,1.2750695821232512,1.277049632334577,87.09451224834194
1770982800000,1.2812,1.2812,1.2812,1.2812,0.0,2026-02-13 11:40:00,1.2751305813061042,1.2772123918508682,87.09451224834193
1770983100000,1.2812,1.2812,1.2812,1.2812,0.0,2026-02-13 11:45:00,1.275190973531914,1.2773687686410302,87.09451224834193
1770983400000,1.2812,1.2812,1.2812,1.2812,0.0,2026-02-13 11:50:00,1.2752507648400542,1.2775190130080487,87.09451224834193
1770983700000,1.2812,1.2812,1.2812,1.2812,0.0,2026-02-13 11:55:00,1.2753099612098049,1.2776633654391056,87.09451224834193
1770984000000,1.2787,1.2787,1.2748,1.2748,1383.25218836,2026-02-13 12:00:00,1.2753048869689114,1.2775510765983564,20.024330130997274
1770984300000,1.2748,1.2748,1.2748,1.2748,0.0,2026-02-13 12:05:00,1.275299863217977,1.277443191241558,20.024330130997274
1770984600000,1.2748,1.2748,1.2748,1.2748,0.0,2026-02-13 12:10:00,1.2752948894546143,1.2773395366830655,20.024330130997278
1770984900000,1.2748,1.2748,1.2748,1.2748,0.0,2026-02-13 12:15:00,1.2752899651814342,1.2772399470092197,20.024330130997274
1770985200000,1.2748,1.2748,1.2748,1.2748,0.0,2026-02-13 12:20:00,1.2752850899059973,1.2771442628127798,20.024330130997274
1770985500000,1.2748,1.2748,1.2748,1.2748,0.0,2026-02-13 12:25:00,1.2752802631407636,1.2770523309377688,20.024330130997278
1770985800000,1.2748,1.2748,1.2748,1.2748,0.0,2026-02-13 12:30:00,1.2752754844030447,1.2769640042343269,20.024330130997278
1770986100000,1.2748,1.2748,1.2748,1.2748,0.0,2026-02-13 12:35:00,1.2752707532149548,1.2768791413231768,20.024330130997278
1770986400000,1.2748,1.2748,1.2748,1.2748,0.0,2026-02-13 12:40:00,1.2752660691033633,1.2767976063693267,20.024330130997278
1770986700000,1.2748,1.2748,1.2748,1.2748,0.0,2026-02-13 12:45:00,1.2752614315998474,1.2767192688646471,20.024330130997278
1770987000000,1.2748,1.2748,1.2748,1.2748,0.0,2026-02-13 12:50:00,1.275256840240645,1.2766440034189748,20.024330130997274
1770987300000,1.2748,1.2748,1.2748,1.2748,0.0,2026-02-13 12:55:00,1.275252294566609,1.276571689559407,20.024330130997274
1770987600000,1.2754,1.2754,1.2754,1.2754,0.76869387,2026-02-13 13:00:00,1.2752537642724138,1.2765257409492343,31.97505786220712
1770987900000,1.2754,1.2754,1.2754,1.2754,0.0,2026-02-13 13:05:00,1.2752552193542803,1.276481594245343,31.975057862207116
1770988200000,1.2754,1.2754,1.2754,1.2754,0.0,2026-02-13 13:10:00,1.2752566599577204,1.2764391787847413,31.97505786220712
1770988500000,1.2754,1.2754,1.2754,1.2754,0.0,2026-02-13 13:15:00,1.275258086226798,1.276398426675536,31.975057862207116
1770988800000,1.2811,1.2816,1.2811,1.2816,28.87076679,2026-02-13 13:20:00,1.2753211898464318,1.2766024099431619,77.89172978116035
1770989100000,1.2816,1.2816,1.2816,1.2816,0.0,2026-02-13 13:25:00,1.2753836655693531,1.2767983938669594,77.89172978116035
1770989400000,1.2859,1.287,1.2859,1.287,66.53667419,2026-02-13 13:30:00,1.2754992509865737,1.2771984568525687,86.85460437232074
1770989700000,1.287,1.287,1.287,1.287,0.0,2026-02-13 13:35:00,1.2756136863001402,1.2775828310936443,86.85460437232075
1770990000000,1.287,1.287,1.287,1.287,0.0,2026-02-13 13:40:00,1.2757269829538702,1.27795213183507,86.85460437232074
1770990300000,1.2779,1.2779,1.2779,1.2779,210.9306606,2026-02-13 13:45:00,1.2757486050140308,1.277950087449381,46.865211053776406
1770990600000,1.2819,1.2858,1.2819,1.2858,51.13711628,2026-02-13 13:50:00,1.2758486188944882,1.2782579271572485,62.85448479353434
1770990900000,1.2858,1.2858,1.2858,1.2858,0.0,2026-02-13 13:55:00,1.275947637611956,1.2785536947197094,62.85448479353434
1770991200000,1.2835,1.2835,1.2835,1.2835,0.76384274,2026-02-13 14:00:00,1.2760227854964141,1.2787476674757992,57.05713081943539
1770991500000,1.2835,1.2835,1.2835,1.2835,0.0,2026-02-13 14:05:00,1.2760971856407284,1.2789340334571404,57.05713081943539
1770991800000,1.2835,1.2835,1.2835,1.2835,0.0,2026-02-13 14:10:00,1.2761708454850993,1.2791130909686252,57.05713081943539
1770992100000,1.2799,1.2813,1.2799,1.2813,46.98883981,2026-02-13 14:15:00,1.2762218818484319,1.2791988521071105,51.39402033817761
1770992400000,1.2813,1.2813,1.2813,1.2813,0.0,2026-02-13 14:20:00,1.2762724103872536,1.2792812500636943,51.39402033817761
1770992700000,1.2813,1.2813,1.2813,1.2813,0.0,2026-02-13 14:25:00,1.2763224361545447,1.2793604167278632,51.394020338177604
1770993000000,1.2844,1.2919,1.2842,1.2919,1297.10940455,2026-02-13 14:30:00,1.2764774367898228,1.2798521650914765,69.56964534552061
1770993300000,1.2919,1.2919,1.2919,1.2919,0.0,2026-02-13 14:35:00,1.2766308951302225,1.2803246292055364,69.5696453455206
1770993600000,1.2857,1.2893,1.2857,1.2893,41.48066527,2026-02-13 14:40:00,1.2767569558751957,1.2806766045308093,62.88075258170932
1770993900000,1.2893,1.2977,1.2893,1.2977,268.66228038,2026-02-13 14:45:00,1.27696534437395,1.281344188666856,72.18536730086353
1770994200000,1.2897,1.2897,1.2897,1.2897,26.90587135,2026-02-13 14:50:00,1.277092057365254,1.2816718675426655,57.42233783443852
1770994500000,1.2897,1.2897,1.2897,1.2897,0.0,2026-02-13 14:55:00,1.2772175095307738,1.2819866962664825,57.42233783443852
1770994800000,1.29,1.2935,1.29,1.2935,101.46831553,2026-02-13 15:00:00,1.2773795243613135,1.2824381983736794,61.73362200437947
1770995100000,1.2936,1.2946,1.2936,1.2946,33.08031488,2026-02-13 15:05:00,1.277550872377619,1.28291513177079,62.90457369006714
1770995400000,1.3028,1.3035,1.3028,1.3028,67.45597547,2026-02-13 15:10:00,1.2778021074783394,1.2836949305248768,70.22016934585841
1770995700000,1.3049,1.3076,1.3049,1.305,227.15082392,2026-02-13 15:15:00,1.278072733274575,1.28453042344547,71.82555091060637
1770996000000,1.3006,1.302,1.3006,1.302,53.70655821,2026-02-13 15:20:00,1.2783108155305494,1.285215504878981,66.55652938936923
1770996300000,1.302,1.3142,1.302,1.3142,41.95139107,2026-02-13 15:25:00,1.2786679218436783,1.286352151746472,74.68844825269561
1770996600000,1.3142,1.3242,1.3142,1.3232,362.99485899,2026-02-13 15:30:00,1.2791110270989652,1.287797165403473,78.78637306457709
1770996900000,1.3232,1.3232,1.3232,1.3232,0.0,2026-02-13 15:35:00,1.2795497233467368,1.2891855118582387,78.78637306457709
1770997200000,1.3075,1.3075,1.3048,1.3048,48.95067001,2026-02-13 15:40:00,1.2798009698806,1.289797844726543,56.931709692848365
1770997500000,1.3038,1.3038,1.3038,1.3038,15.55672294,2026-02-13 15:45:00,1.280039766200196,1.290346948854914,56.02217382489827
1770997800000,1.3038,1.3038,1.3038,1.3038,0.0,2026-02-13 15:50:00,1.28027618643701,1.2908745194880547,56.022173824898275
1770998100000,1.3038,1.3038,1.3038,1.3038,0.0,2026-02-13 15:55:00,1.2805102542336566,1.2913814010767584,56.02217382489827
1770998400000,1.3079,1.3079,1.3073,1.3073,20.6035266,2026-02-13 16:00:00,1.2807768188681476,1.2920056598580618,58.8929788955398
1770998700000,1.3132,1.3132,1.3132,1.3132,30.64446128,2026-02-13 16:05:00,1.2810994375858775,1.2928368104518633,63.24826279122347
1770999000000,1.3153,1.3153,1.3153,1.3153,91.02,2026-02-13 16:10:00,1.2814397416895007,1.2937177198459078,64.68256791097544
1770999300000,1.3199,1.3199,1.3199,1.3199,75.86,2026-02-13 16:15:00,1.2818224308269188,1.294744475930382,67.65990613187181
1770999600000,1.3199,1.3199,1.3199,1.3199,0.0,2026-02-13 16:20:00,1.2822013121122233,1.2957309670703672,67.65990613187182
1770999900000,1.3199,1.3199,1.3199,1.3199,0.0,2026-02-13 16:25:00,1.2825764234344899,1.296678772283294,67.65990613187181
1771000200000,1.3327,1.3336,1.3327,1.3336,5.16622438,2026-02-13 16:30:00,1.2830841207137487,1.298126663566302,75.38028834707093
1771000500000,1.3336,1.3336,1.3336,1.3336,0.0,2026-02-13 16:35:00,1.283586766278786,1.299517774798996,75.38028834707092
1771000800000,1.3336,1.3336,1.3336,1.3336,0.0,2026-02-13 16:40:00,1.2840844103954152,1.300854332650016,75.38028834707092
1771001100000,1.3336,1.3336,1.3336,1.3336,0.0,2026-02-13 16:45:00,1.2845771028292918,1.3021384764676622,75.38028834707092
1771001400000,1.3336,1.3336,1.3336,1.3336,0.0,2026-02-13 16:50:00,1.285064892850891,1.3033722617042245,75.38028834707092
1771001700000,1.3336,1.3336,1.3336,1.3336,0.0,2026-02-13 16:55:00,1.2855478292404345,1.3045576632060196,75.3802883470709
1771002000000,1.3257,1.3257,1.3247,1.3247,6.09325639,2026-02-13 17:00:00,1.2859374030788382,1.305347558766568,60.69648372162704
1771002300000,1.3247,1.3247,1.3247,1.3247,0.0,2026-02-13 17:05:00,1.2863231005606408,1.3061064780306242,60.69648372162703
1771002600000,1.3247,1.3247,1.3247,1.3247,0.0,2026-02-13 17:10:00,1.2867049602565548,1.3068356357549136,60.69648372162704
1771002900000,1.3247,1.3247,1.3247,1.3247,0.0,2026-02-13 17:15:00,1.2870830203535044,1.3075361990586425,60.696483721627025
1771003200000,1.3247,1.3247,1.3247,1.3247,0.0,2026-02-13 17:20:00,1.2874573186584446,1.308209289291637,60.696483721627025
1771003500000,1.3247,1.3247,1.3247,1.3247,0.0,2026-02-13 17:25:00,1.2878278926021416,1.30885598382922,60.69648372162703
1771003800000,1.3247,1.3247,1.3247,1.3247,0.0,2026-02-13 17:30:00,1.2881947792429163,1.3094773177967016,60.69648372162705
1771004100000,1.3247,1.3247,1.3247,1.3247,0.0,2026-02-13 17:35:00,1.28855801527035,1.3100742857262428,60.69648372162703
1771004400000,1.3247,1.3247,1.3247,1.3247,0.0,2026-02-13 17:40:00,1.2889176370089535,1.3106478431487432,60.69648372162705
1771004700000,1.3247,1.3247,1.3247,1.3247,0.0,2026-02-13 17:45:00,1.2892736804217997,1.3111989081233022,60.69648372162703
1771005000000,1.3247,1.3247,1.3247,1.3247,0.0,2026-02-13 17:50:00,1.28962618111412,1.3117283627067022,60.69648372162703
1771005300000,1.3247,1.3247,1.3247,1.3247,0.0,2026-02-13 17:55:00,1.2899751743368653,1.312237054365263,60.69648372162704
1771005600000,1.3218,1.3218,1.3166,1.3166,16.32377789,2026-02-13 18:00:00,1.2902400979753044,1.3124081502725078,42.403230079510216
1771005900000,1.3166,1.3166,1.3166,1.3166,0.0,2026-02-13 18:05:00,1.2905023855576396,1.312572536536331,42.40323007951022
1771006200000,1.3166,1.3166,1.3166,1.3166,0.0,2026-02-13 18:10:00,1.290762063313285,1.3127304762800043,42.403230079510216
1771006500000,1.3166,1.3166,1.3166,1.3166,0.0,2026-02-13 18:15:00,1.2910191572106653,1.3128822223082395,42.403230079510216
1771006800000,1.3166,1.3166,1.3166,1.3166,0.0,2026-02-13 18:20:00,1.291273692959813,1.313028017511838,42.40323007951022
1771007100000,1.3166,1.3166,1.3166,1.3166,0.0,2026-02-13 18:25:00,1.2915256960149393,1.313168095256472,42.403230079510216
1771007400000,1.3166,1.3166,1.3166,1.3166,0.0,2026-02-13 18:30:00,1.2917751915769797,1.3133026797562182,42.403230079510216
1771007700000,1.3166,1.3166,1.3166,1.3166,0.0,2026-02-13 18:35:00,1.2920222045961143,1.3134319864324449,42.40323007951022
1771008000000,1.3166,1.3166,1.3166,1.3166,0.0,2026-02-13 18:40:00,1.2922667597742625,1.3135562222586235,42.403230079510216
1771008300000,1.3166,1.3166,1.3166,1.3166,0.0,2026-02-13 18:45:00,1.2925088815675534,1.3136755860916187,42.403230079510216
1771008600000,1.3166,1.3166,1.3166,1.3166,0.0,2026-02-13 18:50:00,1.2927485941887717,1.3137902689899867,42.40323007951022
1771008900000,1.3166,1.3166,1.3166,1.3166,0.0,2026-02-13 18:55:00,1.292985921609779,1.3139004545197912,42.403230079510216
1771009200000,1.3211,1.3211,1.3211,1.3211,0.74210291,2026-02-13 19:00:00,1.2932656636833135,1.314182789636662,59.07713034872441
1771009500000,1.3211,1.3211,1.3211,1.3211,0.0,2026-02-13 19:05:00,1.2935426222536288,1.3144540527881654,59.07713034872442
1771009800000,1.3211,1.3211,1.3211,1.3211,0.0,2026-02-13 19:10:00,1.2938168250172744,1.3147146781690215,59.07713034872442
1771010100000,1.3211,1.3211,1.3211,1.3211,0.0,2026-02-13 19:15:00,1.2940882993952119,1.314965082946707,59.077130348724424
1771010400000,1.3238,1.3238,1.3238,1.3238,145.62995085,2026-02-13 19:20:00,1.2943839382071998,1.3153115502821302,66.82728071386177
1771010700000,1.3238,1.3238,1.3238,1.3238,0.0,2026-02-13 19:25:00,1.2946766353394663,1.3156444306632231,66.82728071386177
1771011000000,1.3238,1.3238,1.3238,1.3238,0.0,2026-02-13 19:30:00,1.2949664200624567,1.3159642569117243,66.82728071386177
1771011300000,1.3238,1.3238,1.3238,1.3238,0.0,2026-02-13 19:35:00,1.2952533213553674,1.3162715409544017,66.82728071386177
1771011600000,1.3238,1.3238,1.3238,1.3238,0.0,2026-02-13 19:40:00,1.2955373679090454,1.3165667746424643,66.82728071386177
1771011900000,1.3238,1.3238,1.3238,1.3238,0.0,2026-02-13 19:45:00,1.2958185881288558,1.3168504305388382,66.82728071386177
1771012200000,1.3238,1.3238,1.3238,1.3238,0.0,2026-02-13 19:50:00,1.2960970101375238,1.31712296267457,66.82728071386177
1771012500000,1.3228,1.3228,1.3228,1.3228,37.77005589,2026-02-13 19:55:00,1.2963627115291902,1.3173455915892927,59.78279513708467
1771012800000,1.3223,1.3223,1.3223,1.3223,0.74142945,2026-02-13 20:00:00,1.2966207940015366,1.317539882115203,56.57172631259233
1771013100000,1.3223,1.3223,1.3223,1.3223,0.0,2026-02-13 20:05:00,1.2968763084890835,1.3177265534048028,56.57172631259234
1771013400000,1.3223,1.3223,1.3223,1.3223,0.0,2026-02-13 20:10:00,1.2971292805439185,1.3179059042516734,56.57172631259233
1771013700000,1.3223,1.3223,1.3223,1.3223,0.0,2026-02-13 20:15:00,1.2973797354638794,1.318078221732,56.57172631259233
1771014000000,1.326,1.326,1.326,1.326,7.82044264,2026-02-13 20:20:00,1.2976645142154826,1.318388879703294,71.70092873538573
1771014300000,1.326,1.326,1.326,1.326,0.0,2026-02-13 20:25:00,1.2979464593476668,1.3186873550090474,71.70092873538573
1771014600000,1.326,1.326,1.326,1.326,0.0,2026-02-13 20:30:00,1.2982255990556504,1.3189741254008496,71.70092873538573
1771014900000,1.326,1.326,1.326,1.326,0.0,2026-02-13 20:35:00,1.2985019612541016,1.319249649894934,71.70092873538573
1771015200000,1.326,1.326,1.326,1.326,0.0,2026-02-13 20:40:00,1.2987755735799313,1.3195143695068974,71.70092873538573
1771015500000,1.3284,1.3284,1.3284,1.3284,19.8,2026-02-13 20:45:00,1.2990703439920714,1.3198628256046663,78.67958800675645
1771015800000,1.3284,1.3284,1.3284,1.3284,0.0,2026-02-13 20:50:00,1.2993621813652847,1.3201976167574245,78.67958800675645
1771016100000,1.3284,1.3284,1.3284,1.3284,0.0,2026-02-13 20:55:00,1.2996511148840382,1.3205192788453688,78.67958800675645
1771016400000,1.3289,1.3289,1.3267,1.3267,101.28750706,2026-02-13 21:00:00,1.2999202580195206,1.320761660067119,64.58844105803013
1771016700000,1.3267,1.3267,1.3267,1.3267,0.0,2026-02-13 21:05:00,1.300186723113854,1.3209945361429183,64.58844105803014
1771017000000,1.3267,1.3267,1.3267,1.3267,0.0,2026-02-13 21:10:00,1.3004505368142139,1.3212182798235883,64.58844105803014
1771017300000,1.3267,1.3267,1.3267,1.3267,0.0,2026-02-13 21:15:00,1.3007117255026297,1.3214332492422711,64.58844105803014
1771017600000,1.3267,1.3267,1.3267,1.3267,0.0,2026-02-13 21:20:00,1.3009703152986236,1.3216397884876723,64.58844105803014
1771017900000,1.3267,1.3267,1.3267,1.3267,0.0,2026-02-13 21:25:00,1.3012263320618216,1.3218382281548224,64.58844105803014
1771018200000,1.3267,1.3267,1.3267,1.3267,0.0,2026-02-13 21:30:00,1.30147980139454,1.3220288858742413,64.58844105803014
1771018500000,1.3267,1.3267,1.3267,1.3267,0.0,2026-02-13 21:35:00,1.3017307486443457,1.3222120668203496,64.58844105803014
1771018800000,1.3267,1.3267,1.3267,1.3267,0.0,2026-02-13 21:40:00,1.3019791989065912,1.322388064199944,64.58844105803013
1771019100000,1.3267,1.3267,1.3267,1.3267,0.0,2026-02-13 21:45:00,1.3022251770269238,1.3225571597215149,64.58844105803014
1771019400000,1.3267,1.3267,1.3267,1.3267,0.0,2026-02-13 21:50:00,1.3024687076037704,1.3227196240461614,64.58844105803014
1771019700000,1.3267,1.3267,1.3267,1.3267,0.0,2026-02-13 21:55:00,1.3027098149907976,1.3228757172208219,64.58844105803014
1771020000000,1.3344,1.3344,1.3344,1.3344,0.73470635,2026-02-13 22:00:00,1.3030251402147697,1.323327649878829,88.09286385125426
1771020300000,1.3344,1.3344,1.3344,1.3344,0.0,2026-02-13 22:05:00,1.303337327874324,1.3237618596875025,88.09286385125425
1771020600000,1.3388,1.3397,1.3388,1.3397,38.5569106,2026-02-13 22:10:00,1.3036991455074154,1.3243868847977964,92.21683297933896
1771020900000,1.3397,1.3397,1.3397,1.3397,0.0,2026-02-13 22:15:00,1.304057362965053,1.3249873991194514,92.21683297933895
1771021200000,1.3397,1.3397,1.3397,1.3397,0.0,2026-02-13 22:20:00,1.3044120160698782,1.325564363859865,92.21683297933896
1771021500000,1.3397,1.3397,1.3397,1.3397,0.0,2026-02-13 22:25:00,1.3047631402880884,1.3261187025320271,92.21683297933896
1771021800000,1.3397,1.3397,1.3397,1.3397,0.0,2026-02-13 22:30:00,1.305110770732983,1.326651302432732,92.21683297933895
1771022100000,1.3397,1.3397,1.3397,1.3397,0.0,2026-02-13 22:35:00,1.3054549421684756,1.327163016062821,92.21683297933897
1771022400000,1.3397,1.3397,1.3397,1.3397,0.0,2026-02-13 22:40:00,1.3057956890125704,1.3276546624917298,92.21683297933896
1771022700000,1.3397,1.3397,1.3397,1.3397,0.0,2026-02-13 22:45:00,1.3061330453408035,1.3281270286685247,92.21683297933896
1771023000000,1.3397,1.3397,1.3397,1.3397,0.0,2026-02-13 22:50:00,1.3064670448896512,1.3285808706815236,92.21683297933895
1771023300000,1.3397,1.3397,1.3397,1.3397,0.0,2026-02-13 22:55:00,1.3067977210599033,1.3290169149685227,92.21683297933896
1771023600000,1.3327,1.3327,1.3318,1.3318,6.0551967,2026-02-13 23:00:00,1.3070464999548297,1.3291260555579925,44.267045936291034
1771023900000,1.3318,1.3318,1.3318,1.3318,0.0,2026-02-13 23:05:00,1.3072928034378661,1.3292309161243459,44.26704593629103
1771024200000,1.3318,1.3318,1.3318,1.3318,0.0,2026-02-13 23:10:00,1.3075366561399768,1.3293316645116264,44.267045936291034
1771024500000,1.3318,1.3318,1.3318,1.3318,0.0,2026-02-13 23:15:00,1.3077780824470417,1.3294284619817587,44.26704593629103
1771024800000,1.3318,1.3318,1.3318,1.3318,0.0,2026-02-13 23:20:00,1.308017106502295,1.3295214634726702,44.267045936291034
1771025100000,1.3318,1.3318,1.3318,1.3318,0.0,2026-02-13 23:25:00,1.3082537522087399,1.329610817846291,44.267045936291034
1771025400000,1.3318,1.3318,1.3318,1.3318,0.0,2026-02-13 23:30:00,1.3084880432315384,1.3296966681268287,44.267045936291034
1771025700000,1.3318,1.3318,1.3318,1.3318,0.0,2026-02-13 23:35:00,1.3087200030003787,1.3297791517296982,44.26704593629103
1771026000000,1.3318,1.3318,1.3318,1.3318,0.0,2026-02-13 23:40:00,1.3089496547118178,1.3298584006814749,44.267045936291034
1771026300000,1.3318,1.3318,1.3318,1.3318,0.0,2026-02-13 23:45:00,1.3091770213316007,1.329934541831221,44.267045936291034
1771026600000,1.3318,1.3318,1.3318,1.3318,0.0,2026-02-13 23:50:00,1.309402125596958,1.330007697053526,44.267045936291034
1771026900000,1.3318,1.3318,1.3318,1.3318,0.0,2026-02-13 23:55:00,1.3096249900188788,1.3300779834435839,44.267045936291034
1771027200000,1.3329,1.3329,1.3329,1.3329,0.73553317,2026-02-14 00:00:00,1.3098565821579944,1.3301886507595218,52.61531228655665
1771027500000,1.3329,1.3329,1.3329,1.3329,0.0,2026-02-14 00:05:00,1.3100858698977158,1.330294978180717,52.61531228655665
1771027800000,1.3329,1.3329,1.3329,1.3329,0.0,2026-02-14 00:10:00,1.3103128761673903,1.3303971358991202,52.61531228655665
1771028100000,1.3329,1.3329,1.3329,1.3329,0.0,2026-02-14 00:15:00,1.3105376236682122,1.330495287432488,52.61531228655665
1771028400000,1.3329,1.3329,1.3329,1.3329,0.0,2026-02-14 00:20:00,1.3107601348754938,1.330589589886116,52.61531228655665
1771028700000,1.3329,1.3329,1.3329,1.3329,0.0,2026-02-14 00:25:00,1.3109804320409117,1.3306801942043074,52.615312286556644
1771029000000,1.3329,1.3329,1.3329,1.3329,0.0,2026-02-14 00:30:00,1.3111985371947334,1.3307672454119817,52.61531228655665
1771029300000,1.3329,1.3329,1.3329,1.3329,0.0,2026-02-14 00:35:00,1.3114144721480196,1.330850882846806,52.61531228655665
1771029600000,1.3329,1.3329,1.3329,1.3329,0.0,2026-02-14 00:40:00,1.3116282584948056,1.3309312403822253,52.61531228655665
1771029900000,1.3329,1.3329,1.3329,1.3329,0.0,2026-02-14 00:45:00,1.3118399176142603,1.3310084466417458,52.615312286556644
1771030200000,1.3394,1.3399,1.3394,1.3399,694.73304351,2026-02-14 00:50:00,1.3121191224141187,1.331357135008736,84.20525991630575
1771030500000,1.3399,1.3399,1.3399,1.3399,0.0,2026-02-14 00:55:00,1.3123955490567645,1.331692149322119,84.20525991630576
1771030800000,1.3404,1.3404,1.3404,1.3404,0.7314176,2026-02-14 01:00:00,1.312674200309931,1.3320336336624279,85.0319043829263
1771031100000,1.3404,1.3404,1.3404,1.3404,0.0,2026-02-14 01:05:00,1.3129500789138124,1.3323617264599796,85.03190438292629
1771031400000,1.3404,1.3404,1.3404,1.3404,0.0,2026-02-14 01:10:00,1.3132232124569587,1.3326769528733138,85.03190438292629
1771031700000,1.35,1.35,1.35,1.35,314.03465157,2026-02-14 01:15:00,1.3135891506414665,1.3333562880547525,93.36241526923251
1771032000000,1.35,1.35,1.35,1.35,0.0,2026-02-14 01:20:00,1.3139514476500092,1.3340089826408408,93.36241526923253
1771032300000,1.35,1.35,1.35,1.35,0.0,2026-02-14 01:25:00,1.314310139713193,1.3346360813608078,93.36241526923253
1771032600000,1.35,1.35,1.35,1.35,0.0,2026-02-14 01:30:00,1.3146652627011215,1.3352385879741095,93.36241526923253
1771032900000,1.35,1.35,1.35,1.35,0.0,2026-02-14 01:35:00,1.315016852126981,1.3358174668770857,93.36241526923251
1771033200000,1.35,1.35,1.35,1.35,0.0,2026-02-14 01:40:00,1.3153649431505932,1.336373644646612,93.36241526923253
1771033500000,1.35,1.35,1.35,1.35,0.0,2026-02-14 01:45:00,1.3157095705819306,1.3369080115232155,93.36241526923253
1771033800000,1.35,1.35,1.35,1.35,0.0,2026-02-14 01:50:00,1.316050768884598,1.3374214228360306,93.36241526923253
1771034100000,1.35,1.35,1.35,1.35,0.0,2026-02-14 01:55:00,1.3163885721792785,1.3379147003718725,93.36241526923253
1771034400000,1.3473,1.3473,1.346,1.346,6.01587905,2026-02-14 02:00:00,1.3166832132521216,1.3382317709455247,64.30759173785167
1771034700000,1.346,1.346,1.346,1.346,0.0,2026-02-14 02:05:00,1.316974922572996,1.3385364073790336,64.30759173785167
1771035000000,1.346,1.346,1.346,1.346,0.0,2026-02-14 02:10:00,1.3172637293135634,1.3388290972857382,64.30759173785165
1771035300000,1.346,1.346,1.346,1.346,0.0,2026-02-14 02:15:00,1.3175496623552194,1.3391103091568857,64.30759173785167
1771035600000,1.346,1.346,1.346,1.346,0.0,2026-02-14 02:20:00,1.3178327502919835,1.3393804931115176,64.30759173785165
1771035900000,1.346,1.346,1.346,1.346,0.0,2026-02-14 02:25:00,1.318113021433357,1.3396400816169483,64.30759173785165
1771036200000,1.346,1.346,1.346,1.346,0.0,2026-02-14 02:30:00,1.3183905038071544,1.3398894901809895,64.30759173785165
1771036500000,1.346,1.346,1.346,1.346,0.0,2026-02-14 02:35:00,1.3186652251623072,1.3401291180170292,64.30759173785164
1771036800000,1.346,1.346,1.346,1.346,0.0,2026-02-14 02:40:00,1.3189372129716375,1.340359348683028,64.30759173785165
1771037100000,1.346,1.346,1.346,1.346,0.0,2026-02-14 02:45:00,1.3192064944346062,1.3405805506954585,64.30759173785165
1771037400000,1.346,1.346,1.346,1.346,0.0,2026-02-14 02:50:00,1.3194730964800332,1.340793078119166,64.30759173785165
